"Method","Number_of_Genes","k_Clusters","Comparison_Label","Chi2_Statistic","P_Value","Adjusted_P_Value","Significant_FDR_0.05"
"K-Means","5000","2","K-Means (5000 genes, k=2) vs Assignment 1 Age Group",23.7781,1.08102748326729e-06,1.08102748326729e-06,"Yes"
"PAM","5000","2","PAM (5000 genes, k=2) vs Assignment 1 Age Group",82.9437,8.44233292027203e-20,1.2663499380408e-19,"Yes"
"Spectral","5000","2","Spectral (5000 genes, k=2) vs Assignment 1 Age Group",25.3946,4.67217724344859e-07,4.7513666882528e-07,"Yes"
"K-Means","5000","3","K-Means (5000 genes, k=3) vs Assignment 1 Age Group",73.3058,1.20741452880098e-16,1.57488851582737e-16,"Yes"
"PAM","5000","3","PAM (5000 genes, k=3) vs Assignment 1 Age Group",86.8585,1.3769272976707e-19,2.01501555756688e-19,"Yes"
"Spectral","5000","3","Spectral (5000 genes, k=3) vs Assignment 1 Age Group",92.8876,6.75650247261029e-21,1.09564904961248e-20,"Yes"
"K-Means","5000","4","K-Means (5000 genes, k=4) vs Assignment 1 Age Group",100.1068,1.47413346002509e-21,2.45688910004181e-21,"Yes"
"PAM","5000","4","PAM (5000 genes, k=4) vs Assignment 1 Age Group",93.1093,4.70550446764129e-20,7.23923764252506e-20,"Yes"
"Spectral","5000","4","Spectral (5000 genes, k=4) vs Assignment 1 Age Group",93.8161,3.3169359658731e-20,5.23726731453647e-20,"Yes"
"K-Means","5000","5","K-Means (5000 genes, k=5) vs Assignment 1 Age Group",88.145,3.26187662651707e-18,4.65982375216725e-18,"Yes"
"PAM","5000","5","PAM (5000 genes, k=5) vs Assignment 1 Age Group",71.6848,1.00042122862341e-14,1.1115791429149e-14,"Yes"
"Spectral","5000","5","Spectral (5000 genes, k=5) vs Assignment 1 Age Group",106.4529,4.15208645424772e-22,7.32721138984892e-22,"Yes"
"K-Means","5000","6","K-Means (5000 genes, k=6) vs Assignment 1 Age Group",82.1394,2.99276916959408e-16,3.82055638671584e-16,"Yes"
"PAM","5000","6","PAM (5000 genes, k=6) vs Assignment 1 Age Group",90.8266,4.50467141843238e-18,6.2855880257196e-18,"Yes"
"Spectral","5000","6","Spectral (5000 genes, k=6) vs Assignment 1 Age Group",90.5425,5.16828960878104e-18,7.04766764833778e-18,"Yes"
"K-Means","10","2","K-Means (10 genes, k=2) vs Assignment 1 Age Group",66.1132,4.25757888047892e-16,5.32197360059864e-16,"Yes"
"PAM","10","2","PAM (10 genes, k=2) vs Assignment 1 Age Group",72.0164,2.13414731801205e-17,2.8455297573494e-17,"Yes"
"Spectral","10","2","Spectral (10 genes, k=2) vs Assignment 1 Age Group",63.1548,1.91078809866949e-15,2.33974052898305e-15,"Yes"
"K-Means","100","2","K-Means (100 genes, k=2) vs Assignment 1 Age Group",61.8895,3.63272427843228e-15,4.35926913411873e-15,"Yes"
"PAM","100","2","PAM (100 genes, k=2) vs Assignment 1 Age Group",56.5959,5.35243188849652e-14,5.83901660563256e-14,"Yes"
"Spectral","100","2","Spectral (100 genes, k=2) vs Assignment 1 Age Group",60.2979,8.1535294936957e-15,9.23041074758003e-15,"Yes"
"K-Means","1000","2","K-Means (1000 genes, k=2) vs Assignment 1 Age Group",61.2158,5.11501984352243e-15,5.90194597329512e-15,"Yes"
"PAM","1000","2","PAM (1000 genes, k=2) vs Assignment 1 Age Group",91.8525,9.33858115153517e-22,1.60089962597746e-21,"Yes"
"Spectral","1000","2","Spectral (1000 genes, k=2) vs Assignment 1 Age Group",61.8116,3.77934932973545e-15,4.44629332910053e-15,"Yes"
"K-Means","10000","2","K-Means (10000 genes, k=2) vs Assignment 1 Age Group",39.4517,3.36275066159445e-10,3.53973753852048e-10,"Yes"
"PAM","10000","2","PAM (10000 genes, k=2) vs Assignment 1 Age Group",31.2136,2.31135744086492e-08,2.3910594215844e-08,"Yes"
"Spectral","10000","2","Spectral (10000 genes, k=2) vs Assignment 1 Age Group",40.9182,1.58739156275576e-10,1.70077667438118e-10,"Yes"
"K-Means","5000","2_vs_3","K-Means (5000 genes) Resolution Comparison: k2 vs k3",463.5595,2.18441067324878e-101,6.55323201974635e-101,"Yes"
"K-Means","5000","3_vs_4","K-Means (5000 genes) Resolution Comparison: k3 vs k4",1244.4396,1.15243835851325e-265,8.64328768884938e-265,"Yes"
"K-Means","5000","4_vs_5","K-Means (5000 genes) Resolution Comparison: k4 vs k5",1793.7212,0,0,"Yes"
"K-Means","5000","5_vs_6","K-Means (5000 genes) Resolution Comparison: k5 vs k6",2917.9659,0,0,"Yes"
"PAM","5000","2_vs_3","PAM (5000 genes) Resolution Comparison: k2 vs k3",795.6252,1.70680523623046e-173,1.02408314173827e-172,"Yes"
"PAM","5000","3_vs_4","PAM (5000 genes) Resolution Comparison: k3 vs k4",1487.2584,3.08169988133957e-318,2.64145725289062e-317,"Yes"
"PAM","5000","4_vs_5","PAM (5000 genes) Resolution Comparison: k4 vs k5",1570.1525,0,0,"Yes"
"PAM","5000","5_vs_6","PAM (5000 genes) Resolution Comparison: k5 vs k6",2879.9683,0,0,"Yes"
"Spectral","5000","2_vs_3","Spectral (5000 genes) Resolution Comparison: k2 vs k3",471.394,4.3459887995532e-103,1.37241751564838e-102,"Yes"
"Spectral","5000","3_vs_4","Spectral (5000 genes) Resolution Comparison: k3 vs k4",1090.0952,2.89910705588176e-232,1.9327380372545e-231,"Yes"
"Spectral","5000","4_vs_5","Spectral (5000 genes) Resolution Comparison: k4 vs k5",2092.6455,0,0,"Yes"
"Spectral","5000","5_vs_6","Spectral (5000 genes) Resolution Comparison: k5 vs k6",2521.1043,0,0,"Yes"
"K-Means","10_vs_100","2","K-Means 10 vs 100 genes",600.4522,1.33486996651165e-132,6.16093830697686e-132,"Yes"
"K-Means","10_vs_1000","2","K-Means 10 vs 1000 genes",577.4914,1.31752027006435e-127,5.64651544313294e-127,"Yes"
"K-Means","10_vs_10000","2","K-Means 10 vs 10000 genes",156.6221,6.19059569718076e-36,1.16073669322139e-35,"Yes"
"K-Means","100_vs_1000","2","K-Means 100 vs 1000 genes",783.0062,2.67215075992157e-172,1.45753677813904e-171,"Yes"
"K-Means","100_vs_10000","2","K-Means 100 vs 10000 genes",235.9851,2.95233705824612e-53,5.90467411649223e-53,"Yes"
"K-Means","1000_vs_10000","2","K-Means 1000 vs 10000 genes",248.8599,4.60252898361381e-56,9.86256210774388e-56,"Yes"
"PAM","10_vs_100","2","PAM 10 vs 100 genes",513.7527,9.6768435258418e-114,3.62881632219067e-113,"Yes"
"PAM","10_vs_1000","2","PAM 10 vs 1000 genes",467.8561,9.3818792797355e-104,3.31125151049488e-103,"Yes"
"PAM","10_vs_10000","2","PAM 10 vs 10000 genes",307.1662,9.04826277840776e-69,2.26206569460194e-68,"Yes"
"PAM","100_vs_1000","2","PAM 100 vs 1000 genes",465.3712,3.25869376751768e-103,1.08623125583923e-102,"Yes"
"PAM","100_vs_10000","2","PAM 100 vs 10000 genes",263.9254,2.3927696527574e-59,5.52177612174784e-59,"Yes"
"PAM","1000_vs_10000","2","PAM 1000 vs 10000 genes",178.8348,8.70647380447053e-41,1.68512396215559e-40,"Yes"
"Spectral","10_vs_100","2","Spectral 10 vs 100 genes",432.8856,3.8269376613646e-96,1.09341076038989e-95,"Yes"
"Spectral","10_vs_1000","2","Spectral 10 vs 1000 genes",379.251,1.81144074712822e-84,4.94029294671334e-84,"Yes"
"Spectral","10_vs_10000","2","Spectral 10 vs 10000 genes",114.3444,1.09531222688398e-26,1.99147677615269e-26,"Yes"
"Spectral","100_vs_1000","2","Spectral 100 vs 1000 genes",710.658,1.43903550919393e-156,7.19517754596963e-156,"Yes"
"Spectral","100_vs_10000","2","Spectral 100 vs 10000 genes",266.7988,5.65741804958143e-60,1.35778033189954e-59,"Yes"
"Spectral","1000_vs_10000","2","Spectral 1000 vs 10000 genes",332.2256,3.14810324635579e-74,8.21244325136293e-74,"Yes"
"K-Means_vs_PAM","5000","2","Inter-Algorithm Comparison: K-Means vs PAM (5000 genes, k=2)",242.1256,1.35279512854214e-54,2.79888647284581e-54,"Yes"
"K-Means_vs_Spectral","5000","2","Inter-Algorithm Comparison: K-Means vs Spectral (5000 genes, k=2)",548.7988,2.29771518596925e-121,9.19086074387698e-121,"Yes"
"PAM_vs_Spectral","5000","2","Inter-Algorithm Comparison: PAM vs Spectral (5000 genes, k=2)",258.7251,3.25392957392141e-58,7.23095460871425e-58,"Yes"
