"gene_symbol","gene_name","log2FoldChange","AveExpr","t","pvalue","padj","B"
"ENSMUSG00000074564","Unknown / Unannotated",-1.93268891896721,2.44540196757513,-12.5862938261038,2.622862627535e-33,1.08190460523191e-28,63.8578441900572
"ENSMUSG00000096736","Unknown / Unannotated",-1.92815760511782,3.33977794164803,-12.4251250867378,1.43583880741324e-32,2.96134574834943e-28,62.2218626030884
"ENSMUSG00000095280","Unknown / Unannotated",-1.70092268553104,3.38313444198047,-11.7579733966871,1.39535389902476e-29,1.91856509936241e-25,55.6026216588319
"ENSMUSG00000098178","Unknown / Unannotated",1.01372005350798,6.33192516087354,11.5141214604245,1.61508826306638e-28,1.66551939408062e-24,53.2466818486066
"ENSMUSG00000096201","Unknown / Unannotated",-1.80367249355471,3.5923100440262,-11.0450155295082,1.62015508901482e-26,1.33659554533545e-22,48.8139787826823
"Plk5","polo like kinase 5",-1.63703395977894,1.89580042730253,-10.8250907307073,1.34008750945392e-25,9.21287827957743e-22,46.7821360782237
"ENSMUSG00000091028","Unknown / Unannotated",-1.80312108281075,4.34294834032176,-10.3559120100629,1.09435561404702e-23,6.44872496054651e-20,42.5494132139419
"C1ql2","complement component 1, q subcomponent-like 2",-1.99461800762803,2.69691407799768,-10.2691587711212,2.43097633593431e-23,1.25344178601193e-19,41.7822850143536
"ENSMUSG00000075015","Unknown / Unannotated",-1.39814924086832,5.05883101583809,-10.0660919742547,1.5435883132489e-22,6.45901776011672e-19,40.0059533603059
"ENSMUSG00000097312","Unknown / Unannotated",-1.42304835215638,5.07356338268944,-10.0645060581265,1.5658604475543e-22,6.45901776011672e-19,39.9921878392481
"ENSMUSG00000095891","Unknown / Unannotated",-1.4373716981979,5.04762653284555,-9.95144900157283,4.32867982547816e-22,1.62321558291953e-18,39.0151891878559
"ENSMUSG00000110831","Unknown / Unannotated",0.418285424016408,3.9281684502339,9.93727269638096,4.91428130026688e-22,1.68924324462257e-18,38.8932857643865
"ENSMUSG00000096385","Unknown / Unannotated",-1.38818534447597,5.53536580101644,-9.74684464266681,2.66582752912438e-21,8.45867074991165e-18,37.2689081567467
"Slc8a1","solute carrier family 8 (sodium/calcium exchanger), member 1",1.50989475641382,3.81901476799253,9.62347442643134,7.86602075440089e-21,2.31761064355916e-17,36.2296963870335
"ENSMUSG00000095186","Unknown / Unannotated",-1.76668490185755,4.96913091888804,-9.52075597805372,1.92076704194509e-20,5.28198131421286e-17,35.3724157226774
"Tenm4","teneurin transmembrane protein 4",1.87163505201561,3.73031756656711,9.43614733960144,3.98478136007223e-20,1.02730153951012e-16,34.6717584900817
"ENSMUSG00000095547","Unknown / Unannotated",-1.40828656052235,5.15427475654302,-9.08631257211373,7.71295597776395e-19,1.8714807125105e-15,31.8279434961412
"Nrn1","neuritin 1",-1.34751885123925,2.7664457375675,-8.82747124327914,6.52367533737233e-18,1.4949726888404e-14,29.779875790296
"Gsg1l","GSG1-like",-1.22195408150769,1.70113890635636,-8.7635026115165,1.09736556705659e-17,2.38238064607986e-14,29.2811872985818
"ENSMUSG00000096519","Unknown / Unannotated",-1.77221978759479,3.34064799138886,-8.700424704246,1.82714830017888e-17,3.76840201170392e-14,28.7923625451813
"ENSMUSG00000095041","Unknown / Unannotated",-1.18268178485444,5.00383450197151,-8.41780373370027,1.72974423266837e-16,3.39762951682561e-13,26.6380955030845
"Ywhae","tyrosine 3-monooxygenase/tryptophan 5-monooxygenase activation protein, epsilon polypeptide",-1.04462359035579,3.60124473087534,-8.29241031722404,4.59954315289141e-16,8.62393434152808e-13,25.7012869408532
"Nrgn","neurogranin",-1.04351208680918,2.60352627905286,-8.24121428798788,6.83329016905575e-16,1.22550602688426e-12,25.3221932842053
"ENSMUSG00000101885","Unknown / Unannotated",-0.778653202780396,1.15295346539953,-8.19995187852782,9.38759134803979e-16,1.56022859431992e-12,25.0180924024181
"Ighm","immunoglobulin heavy constant mu",-0.630658409203211,0.77512378301197,-8.19900432693866,9.45616011491141e-16,1.56022859431992e-12,25.0111241102268
"Ntng1","netrin G1",-1.25325475821366,2.52987348066612,-8.10042991970973,2.00854202920825e-15,3.1865519293389e-12,24.2899207280015
"Gm34567","predicted gene, 34567",-1.00290361925005,1.44073595925836,-8.04774253249451,2.99512608517385e-15,4.57577614397541e-12,23.9074675007383
"Rps23","ribosomal protein S23",-0.987104273744031,2.07301370858372,-7.99913649543752,4.32194814242212e-15,6.36700139024178e-12,23.5565170236085
"ENSMUSG00000075014","Unknown / Unannotated",-0.962706975889685,6.44233351196177,-7.95083286516665,6.21104247792415e-15,8.83445831627218e-12,23.2095395799797
"Sh3bgrl3","SH3 domain binding glutamic acid-rich protein-like 3",-1.1057093372485,2.3962299034668,-7.92332853186206,7.62930836358582e-15,1.03069466495885e-11,23.0127679445218
"ENSMUSG00000106106","Unknown / Unannotated",0.0641164204180953,7.48716326913589,7.92129519584667,7.7460143551903e-15,1.03069466495885e-11,22.9982440956155
"ENSMUSG00000101725","Unknown / Unannotated",-0.769334703175406,1.13156005298475,-7.88332412597518,1.02788141951483e-14,1.32497127104898e-11,22.7276056305492
"Fam163b","family with sequence similarity 163, member B",-1.47603353886555,3.29823680791736,-7.87361967180859,1.10475445551528e-14,1.38090959198636e-11,22.658615222069
"Ptprs","protein tyrosine phosphatase receptor type S",0.808067135899186,5.28977808674633,7.82331122024393,1.60373348979887e-14,1.94565890355041e-11,22.3021287731431
"Zc3hav1","zinc finger CCCH type, antiviral 1",-0.676491402156897,1.02114374330534,-7.81826739863011,1.66461248433417e-14,1.96181715332286e-11,22.2664959349781
"Lratd1","LRAT domain containing 1",-1.17043128171341,3.19885536064697,-7.75133460815633,2.72406794904353e-14,3.12125218972491e-11,21.7955030547906
"Tspan7","tetraspanin 7",-0.986372033495431,4.77815235029133,-7.63437337284788,6.38747104443268e-14,7.12099440842712e-11,20.980822003953
"Cxcl12","C-X-C motif chemokine ligand 12",-0.999013751760056,1.47172689721882,-7.62055415771135,7.05908537338043e-14,7.66263717280446e-11,20.885270215153
"Rpl23","ribosomal protein L23",-0.841653312216813,2.78454385158493,-7.60241786501765,8.04697024930764e-14,8.51101220035105e-11,20.7600949181147
"Stmn2","stathmin-like 2",1.20667274487659,2.22934067685161,7.56040449034936,1.08885772654365e-13,1.12285730905498e-10,20.4711111137722
"Rps3a1","ribosomal protein S3A1",-1.07751791278595,2.83429892726445,-7.51031684858427,1.55867440588906e-13,1.56814050167117e-10,20.1283991336997
"Ppp1r1a","protein phosphatase 1, regulatory inhibitor subunit 1A",-0.989778890008684,2.36495802730788,-7.45145017886726,2.36993008690376e-13,2.32755347987364e-10,19.7281421071837
"Synpr","synaptoporin",-1.15581499037629,3.6968285706057,-7.43771736019765,2.6122597612722e-13,2.50588611378412e-10,19.6351605438927
"Rilpl1","Rab interacting lysosomal protein-like 1",-1.04762540648571,2.18482981913853,-7.43104938465732,2.7385598209604e-13,2.56733759215444e-10,19.5900670277884
"Btbd3","BTB domain containing 3",-1.16478260533847,2.90478352385804,-7.35673673136058,4.62390085193557e-13,4.23847302758867e-10,19.0898935102657
"Olfm1","olfactomedin 1",-1.2351791386789,4.85802388753505,-7.31969537647715,5.99351451841969e-13,5.37448870370204e-10,18.8422158648678
"Stxbp6","syntaxin binding protein 6 (amisyn)",-1.29263657545083,3.02102668267148,-7.27468962656302,8.20231199809855e-13,7.19866314062909e-10,18.5427523390908
"A830036E02Rik","RIKEN cDNA A830036E02 gene",-1.1116354041984,2.29343076264414,-7.26351086332997,8.86482453268532e-13,7.50765919355542e-10,18.4686201741027
"Gpc4","glypican 4",-0.987514790988152,1.92907104819055,-7.26264301232052,8.91840530641266e-13,7.50765919355542e-10,18.462869173101
"Ppp3ca","protein phosphatase 3, catalytic subunit, alpha isoform",-1.0144964813069,5.5523033547718,-7.24211503958334,1.02828561149641e-12,8.48315063772307e-10,18.3270113714986
